4.100000000000000000e+02,4.300000000000000000e+02,4.500000000000000000e+02,4.700000000000000000e+02,4.900000000000000000e+02,5.100000000000000000e+02,5.300000000000000000e+02,5.500000000000000000e+02,5.700000000000000000e+02,5.900000000000000000e+02,6.100000000000000000e+02,6.300000000000000000e+02,6.500000000000000000e+02,6.700000000000000000e+02,6.900000000000000000e+02,7.100000000000000000e+02,7.300000000000000000e+02
3.811440957887794051e-02,4.397919919886251333e-02,4.773007508063344118e-02,5.352016694014374160e-02,5.917766262518932979e-02,5.901052704902332718e-02,6.286799767132612848e-02,6.486449355602992572e-02,6.205520454963854571e-02,4.032342141801382313e-02,2.130770231078716812e-02,1.838902353761127581e-02,1.597912988108437377e-02,1.180355187993043821e-02,9.558330049559629268e-03,4.607555373496190730e-03,1.716329154728150376e-03
4.178790157321904397e-02,4.482989152379648901e-02,4.617428835918101909e-02,5.331929733231532270e-02,5.942930338389149081e-02,6.511212565820334586e-02,6.584268132079981739e-02,6.550696606498204733e-02,6.035297702420192034e-02,4.200683917222477332e-02,2.346542799773993285e-02,2.061564237188973081e-02,1.746562036837482138e-02,1.269173290518644213e-02,9.851284379612960940e-03,4.741472879797339196e-03,1.722654997000930928e-03
4.453781123136032333e-02,4.855010592648401069e-02,5.620492094514562692e-02,6.405397018449084101e-02,7.587442246074822816e-02,7.854254110484608364e-02,8.134143531144119588e-02,7.888675816363915905e-02,7.502237604898168155e-02,4.991286622161615616e-02,2.649599858856103649e-02,2.290163282351024079e-02,1.853125345645772332e-02,1.416953029585131182e-02,1.105212960008584815e-02,4.923482439022887347e-03,1.727172680672728593e-03
4.136197487556094593e-02,4.676161846623203694e-02,5.183662402656948054e-02,6.108297782306562618e-02,6.663917548086217835e-02,6.290373958618364347e-02,6.652668147609976101e-02,6.494314345699679636e-02,6.463094737742065832e-02,4.396421198512253520e-02,2.310143415819356644e-02,2.058832392321513841e-02,1.700223400629889692e-02,1.305267827312012706e-02,1.019839932431308369e-02,4.838982376249982044e-03,1.720661831198110189e-03
4.447732794038369852e-02,5.122919621525332673e-02,5.651655442144128821e-02,6.985691744184212293e-02,7.894688565394193669e-02,7.620022240073838493e-02,7.863497718373620160e-02,7.360322073040870272e-02,7.443531407866625649e-02,4.865106857388951100e-02,2.628590856792764260e-02,2.256212799762303406e-02,1.958273145260699954e-02,1.454652886946004517e-02,1.153022634945085820e-02,5.014607538671370449e-03,1.730078333364120508e-03
4.188978097165003966e-02,4.602353151334338116e-02,4.746710689030592123e-02,5.442761269598726803e-02,6.597190097551346166e-02,6.510801224296244860e-02,6.291514665717846955e-02,6.259427843330518659e-02,5.933705118261406453e-02,3.936985890933178411e-02,2.306390590058867568e-02,1.945573219074608548e-02,1.580805809942809059e-02,1.223532470493831660e-02,1.009029823598086260e-02,4.710307357630135090e-03,1.721358910515724105e-03
4.971402884873494382e-02,5.452058565714480026e-02,6.156130869878746747e-02,7.209574073974840680e-02,7.857755589029058463e-02,7.632777074966259900e-02,7.097755279438776321e-02,6.855103714851444596e-02,6.891129340416826676e-02,4.541515149004907159e-02,2.503247034099607624e-02,2.257839138026174544e-02,1.918618692508184884e-02,1.530723174157601341e-02,1.156607921006922932e-02,5.061889907646650519e-03,1.741411340683629962e-03
4.254038950285975174e-02,4.375133778721718852e-02,4.777772032297929183e-02,5.726289656695285335e-02,6.711327592559551691e-02,6.473273971605696120e-02,6.796192739460502064e-02,7.077532581697885961e-02,7.452741780897070845e-02,5.053769145244258604e-02,2.900593748532361710e-02,2.612225342718664176e-02,2.161468063741130152e-02,1.664472590758149517e-02,1.216565579745458071e-02,5.109933959800644875e-03,1.733355376705807398e-03
4.672237533588607244e-02,5.103204927852056372e-02,5.232544753881140237e-02,6.041038398430670364e-02,6.795692191588310893e-02,6.897416171133900764e-02,7.402602605117525325e-02,7.615001215703050275e-02,7.768251465964166880e-02,5.229365019263108177e-02,2.891360511711746004e-02,2.482839404108071191e-02,2.165995576978663878e-02,1.685745067147797344e-02,1.241621998447714655e-02,5.130520084987079399e-03,1.732889503154521997e-03
4.729616359772807754e-02,5.157917402070960611e-02,5.467170351338816736e-02,6.449351271726207202e-02,7.373274116733651018e-02,7.189571730003194161e-02,7.538938519975406372e-02,7.195557111933816030e-02,7.064181206904776578e-02,5.053863012559773465e-02,2.797595098836448690e-02,2.371924469938151148e-02,2.011498262809369858e-02,1.492617684930244541e-02,1.177790634751725053e-02,5.172725494501961493e-03,1.739837426204456214e-03
4.444392679067028090e-02,4.879782289213558527e-02,5.160138155367814672e-02,6.319922474959183134e-02,7.168234873747966751e-02,6.751220801169000030e-02,6.870983147239639877e-02,7.016452896129024563e-02,6.439272909747538465e-02,4.408693754295585354e-02,2.423421738532136743e-02,2.304375588641473932e-02,2.020065627339206679e-02,1.574777928453384088e-02,1.154018586962405300e-02,5.079223446268553259e-03,1.730236766256239463e-03
4.512618143508251994e-02,5.047822334033807978e-02,5.518560853886660122e-02,6.223256573559326349e-02,6.579488108624462206e-02,6.703610420264070890e-02,6.927915335678587472e-02,6.391272519813780140e-02,6.086054488675073093e-02,4.297385562977189266e-02,2.458377626908409344e-02,2.173263762883350519e-02,1.891732569304750700e-02,1.497260152993406916e-02,1.135273011277898592e-02,5.085141184741649549e-03,1.735809954899406125e-03
3.833536003244288753e-02,4.221140273037985585e-02,4.793658937743672938e-02,6.118763356089058220e-02,6.818160091564411107e-02,7.408891576380120803e-02,7.858772680903838848e-02,7.840006752945018198e-02,7.498785989808243180e-02,4.889502229042658882e-02,2.608416943118965423e-02,2.329665434207419880e-02,1.847030897528037854e-02,1.323632893087358341e-02,9.935893848600002229e-03,4.711868948509100388e-03,1.718350977710890763e-03
3.298976343825436169e-02,3.665289257266463041e-02,4.217048094591240026e-02,5.149731258685169566e-02,5.735833811297000318e-02,6.128736432176477150e-02,6.430084667322581715e-02,6.812566881165994792e-02,6.791862923232433458e-02,4.795324365508540215e-02,2.622068594166349423e-02,2.273907098933690765e-02,1.912364150824915482e-02,1.419835989479927181e-02,9.812524461940957260e-03,4.532671753884586971e-03,1.709606115733168724e-03
3.975385146825405336e-02,4.342870609131969928e-02,4.858196231985906222e-02,5.693622782096072893e-02,6.091033805309720855e-02,5.889727747149692272e-02,6.028089763869501350e-02,6.176390906660483848e-02,6.086211350710364620e-02,4.146533160176267552e-02,2.259170054346372469e-02,2.023027938739025908e-02,1.648339241738756150e-02,1.275879227502882060e-02,9.842966326904404456e-03,4.704026751312683115e-03,1.718406643732997043e-03
3.899537917165346590e-02,4.553307971808494281e-02,5.052150745118185599e-02,5.905968627403088145e-02,6.589761179060581175e-02,7.116893584478868606e-02,7.429211702577738496e-02,7.246327957643600159e-02,6.578655676856040579e-02,4.459096244081223182e-02,2.541990660863440582e-02,2.183945494218480707e-02,1.815846470491980572e-02,1.283521671306116392e-02,9.773303221495333037e-03,4.660183181812753254e-03,1.720727472500346595e-03
4.350971596984417461e-02,4.614311615954097556e-02,5.028070293093523518e-02,5.775917207785660062e-02,6.129244930754841614e-02,6.185067658604170848e-02,6.200954301808461744e-02,6.171895434304362077e-02,6.200403316323963021e-02,4.317759756214224059e-02,2.398934739621651560e-02,2.110167487404967721e-02,1.899174433112526053e-02,1.467882940395246784e-02,1.150061523485096555e-02,5.028251031614788119e-03,1.727973306101141882e-03
4.723728374200843877e-02,5.443346204435224600e-02,5.898337466720705857e-02,6.714414421778748532e-02,7.106096146596563301e-02,7.005316605654370032e-02,7.018130681500518719e-02,6.662303960345325460e-02,6.401270930303948337e-02,4.254284824461525977e-02,2.476469510175170752e-02,2.189075005680848202e-02,1.842390926074575705e-02,1.486832116267141138e-02,1.191773968775387306e-02,5.191197568318305436e-03,1.740263130991886315e-03
4.164501364575021181e-02,4.377275775725467111e-02,4.782340621320202434e-02,5.908780936855087540e-02,6.594888593103033492e-02,6.631978168781398064e-02,6.342122100955263631e-02,6.279681792270466745e-02,6.577952881221130199e-02,4.535411992067786557e-02,2.591812105458225421e-02,2.264478584840419473e-02,1.744083181113469105e-02,1.318896484881301040e-02,1.047358890175131146e-02,4.912083010959734236e-03,1.726573988531296226e-03
5.427490713142192613e-02,5.955507620280078157e-02,6.345181797560656145e-02,7.198934668395673420e-02,7.791574135170652171e-02,7.837517627693711686e-02,7.404569621856398054e-02,7.185596720506172430e-02,7.243794646279763660e-02,4.980863521292659690e-02,2.621387698905204913e-02,2.412219845032393881e-02,2.006289392569502589e-02,1.609702930705203539e-02,1.266814406946071940e-02,5.381094398088550300e-03,1.751496050772982996e-03
5.232517263331756124e-02,5.501125171610488085e-02,6.270405195672718035e-02,7.271223433830395488e-02,7.936880852213223925e-02,7.642803323013627748e-02,8.032637912123576085e-02,8.098917521631583682e-02,8.069816682042911526e-02,5.388069337712048795e-02,2.954107707177133085e-02,2.655110798506288630e-02,2.307854309123089434e-02,1.816684862857824434e-02,1.324668750176913497e-02,5.410502395827484698e-03,1.748972976549832649e-03
5.617783516878516875e-02,6.206438375153480735e-02,6.751453801652429476e-02,7.785495257197275198e-02,8.443987262625146650e-02,7.869913143758584806e-02,7.702617053660079649e-02,7.528197811420592189e-02,7.799653890974921067e-02,5.107968241746140697e-02,2.916823725136473769e-02,2.645730183870580177e-02,2.363138458099505596e-02,1.882044940377116879e-02,1.409784389752670626e-02,5.628347536078699351e-03,1.760544851883434408e-03
3.746632428929189129e-02,4.446961407632104429e-02,4.937652870280027223e-02,6.047058440804310014e-02,6.676544978792296747e-02,6.538242941966279642e-02,6.063855087029482865e-02,5.796880666194591941e-02,5.738881815614019222e-02,3.837140905009740754e-02,2.269947754690204017e-02,1.948058760132729411e-02,1.643015863494793824e-02,1.298098238445627439e-02,1.014888844088207218e-02,4.716999911415682874e-03,1.715178293220569932e-03
4.797680339116781878e-02,5.122773003238685618e-02,5.380054753131608553e-02,5.715956844505990647e-02,6.174447339718523720e-02,6.198758388024196847e-02,6.422396593898092865e-02,6.696085143866123413e-02,6.332625560853083480e-02,4.300036991579134910e-02,2.369477194114629620e-02,2.118097309052628316e-02,1.892851170132839669e-02,1.510705803693579256e-02,1.191613944261788773e-02,5.193407085063189710e-03,1.740241685363292604e-03
4.187561952267736948e-02,4.423391015813527005e-02,4.756404780580081315e-02,5.868496926046494477e-02,6.540645050075601097e-02,6.401746708549271858e-02,6.832771228393841323e-02,7.049579908860985344e-02,7.126183833332913609e-02,4.798244627663809936e-02,2.607796208340121963e-02,2.355707465695902614e-02,2.005322075133249976e-02,1.505629026947621213e-02,1.104958292988498028e-02,4.787662885398822656e-03,1.722676968862568757e-03
4.299328475811138583e-02,4.506197843223409827e-02,4.999760102860964506e-02,5.926380934354050223e-02,6.933680200429773177e-02,7.279343052415174209e-02,7.888383649248911778e-02,7.910149534044842723e-02,7.657854363865339298e-02,5.061915424825295939e-02,2.840307322851775076e-02,2.498185279000300976e-02,1.983419305905782110e-02,1.540321817113889796e-02,1.212706727228379279e-02,5.162248937868768248e-03,1.733840027340678280e-03
3.967236525768626232e-02,4.345903446094847439e-02,5.031646588497137862e-02,5.801709728025512131e-02,6.728968641432968301e-02,6.802416087493472208e-02,7.113023796665861320e-02,6.952081178543612072e-02,6.773569701287850131e-02,4.274750426924095459e-02,2.331041916469765718e-02,2.148033297955773135e-02,1.823907718563070116e-02,1.337128360765616440e-02,1.039135886466908271e-02,4.876167307876173168e-03,1.725826030623302688e-03
5.117787794044935390e-02,5.930356691361405447e-02,6.920723344473500571e-02,8.206295715582734296e-02,9.150112953094551027e-02,8.907580482146677803e-02,9.341468183289888816e-02,9.173000619478283157e-02,8.718342776792624427e-02,5.813368218040267099e-02,3.006288304342982776e-02,2.771751403044252909e-02,2.328821903699498583e-02,1.789621958433389171e-02,1.276054019058974094e-02,5.314195705176980901e-03,1.744479556390374914e-03
3.645042591931590276e-02,4.242551831847819060e-02,4.719157763270760003e-02,5.586348865514141615e-02,6.236661575035519489e-02,6.598896248991978353e-02,7.014450573882413664e-02,7.085361012669313951e-02,6.591537541794513511e-02,4.441134745177905546e-02,2.377135046424608961e-02,2.176048740015277747e-02,1.794443712630290622e-02,1.416151795651118470e-02,1.072246592145643419e-02,4.750557512755065707e-03,1.714450426610898475e-03
4.176667921378610093e-02,4.567848203056791567e-02,5.239280525318922715e-02,6.318315056923481943e-02,7.269016965700428323e-02,7.387073966930862712e-02,7.464979328147765270e-02,7.165499473833535082e-02,6.772923187888663099e-02,4.620203435719376361e-02,2.613572042478403898e-02,2.364088172076794434e-02,2.006509916983044775e-02,1.593045897607364703e-02,1.190236704181251229e-02,4.965062437950661968e-03,1.726612643160984305e-03
4.684717589730181403e-02,5.206184814413349071e-02,5.584672588985874903e-02,6.473982921487803077e-02,7.595815167431370363e-02,7.776397660058044503e-02,8.335403056756111873e-02,8.356392312726539096e-02,8.022431009077832242e-02,5.261261169591090192e-02,2.882939598293490779e-02,2.625535615744001988e-02,2.240579725362984789e-02,1.708586808804318791e-02,1.224156998035425686e-02,5.065715691880290188e-03,1.736538807981281201e-03
3.680775004794070021e-02,3.968676152864655110e-02,4.516050906956834560e-02,5.726910850262449670e-02,6.717313185978067425e-02,6.544018106175202021e-02,6.506415132374175625e-02,6.420327983954884910e-02,6.725108639068971828e-02,4.400700890386798070e-02,2.454827114572987606e-02,2.257305662987031322e-02,1.900290253887717065e-02,1.438267452607752510e-02,1.067885084723671670e-02,4.717532589702744944e-03,1.717117059396583564e-03
4.192088504508235253e-02,4.485536585903535101e-02,4.913709927437810016e-02,6.159495383946426983e-02,6.864971680926000575e-02,6.709510684058757335e-02,6.733539204803729028e-02,6.658496719012853282e-02,6.411554461623499013e-02,4.373124049628016735e-02,2.435540039992069999e-02,2.174563637918969228e-02,1.831798435237020142e-02,1.423564081261723818e-02,1.079941831760277381e-02,4.954166040953699064e-03,1.726640498107327943e-03
4.410634382593003888e-02,5.037815472941128275e-02,5.405628788669337992e-02,6.286110544446650572e-02,7.074765103665568711e-02,6.910190097280555221e-02,6.930914103415815319e-02,6.758506048706597324e-02,7.088451419366387229e-02,4.846357836601775798e-02,2.529149753285186292e-02,2.242575934117461284e-02,1.928577358988579904e-02,1.510784368741581278e-02,1.109412436457738078e-02,4.925337566465702588e-03,1.732258725671840952e-03
4.814964236055765262e-02,5.174878972812528566e-02,5.673836043322442318e-02,6.313903424883764159e-02,7.000312145715215095e-02,7.129649789305486651e-02,7.619720976783728172e-02,7.479693086006114489e-02,7.522092513362391153e-02,4.902574130670272340e-02,2.733027472821226295e-02,2.472329625623885183e-02,2.206341791103327149e-02,1.758884134473134506e-02,1.314472162073061952e-02,5.352889608335829191e-03,1.744773671162794856e-03
3.785407026092345306e-02,3.814024717669648595e-02,4.142309202022209647e-02,4.816993445520189460e-02,5.129652428211131654e-02,4.894416447344149962e-02,5.100950964815503114e-02,4.916453209049900103e-02,4.865668491230137893e-02,3.461696726201232005e-02,2.066470783649490897e-02,1.842430009407668851e-02,1.601413287039103392e-02,1.306699069066236986e-02,1.017936186894477513e-02,4.627389042392151403e-03,1.719444933914056643e-03
4.173051627841079664e-02,4.644851124727582270e-02,5.286480108709248199e-02,6.207687128030590223e-02,6.873679013445181674e-02,7.047432309728828004e-02,7.087692188000230264e-02,6.990649083126805607e-02,7.201570278782080947e-02,4.997002439817191388e-02,2.754247521940100113e-02,2.471966387920146446e-02,1.994392200211207028e-02,1.522510169319330788e-02,1.074428815725031981e-02,4.812481595416806535e-03,1.722202455410989669e-03
5.203126995709445729e-02,5.634449054226960130e-02,5.920669586553386349e-02,6.874377358041436348e-02,7.574752273070423092e-02,7.434781806100476675e-02,7.132486342255317524e-02,7.031483381472282412e-02,6.779967614255258401e-02,4.747509785441783592e-02,2.764189913170144938e-02,2.509565642731288043e-02,2.179921016018587440e-02,1.697635663777517095e-02,1.240368752693147246e-02,5.212605656958788081e-03,1.744175295041752467e-03
4.532063692354781209e-02,5.153428909666383367e-02,5.689814937780133391e-02,6.415228631851088714e-02,6.966705213684290521e-02,7.032849225250564773e-02,7.511895734572218708e-02,7.169229803905834142e-02,7.055307355107236222e-02,4.902494225136869860e-02,2.754270523962278061e-02,2.435989333935938833e-02,1.986679476495193525e-02,1.603502719946135052e-02,1.209806896261844504e-02,5.055840593983810735e-03,1.736813823163317920e-03
4.803753727219196162e-02,5.433532894214714026e-02,5.908354303324661605e-02,6.917597236386595350e-02,7.908421726984472822e-02,7.726776375747800019e-02,8.027427976815094957e-02,8.346613519470613696e-02,8.362863394784428306e-02,5.502644591979861943e-02,2.940210177234735614e-02,2.681716375398489338e-02,2.263725431386210893e-02,1.717847295894346302e-02,1.254278774094612879e-02,5.115667388436916270e-03,1.739589434145247682e-03
4.713519158757493305e-02,5.388982500982363727e-02,5.927420692649384981e-02,6.930123010545177764e-02,8.201272178582519334e-02,8.468196237542351124e-02,8.772753440080362231e-02,8.729355886312591128e-02,8.477084080211140515e-02,5.603011633792358975e-02,3.018861359656076909e-02,2.671334433787686882e-02,2.256116127615758957e-02,1.683678643988822249e-02,1.248254537773213664e-02,5.228886746907133662e-03,1.735739838257304097e-03
4.202951494626085138e-02,4.594598073732675259e-02,5.049997502413320488e-02,5.405340934911394973e-02,6.110079224851914376e-02,6.082192215539693192e-02,6.366003974050871150e-02,6.290051931712245525e-02,6.677126025569815604e-02,4.511798856712173622e-02,2.477778514516683697e-02,2.075100041618756219e-02,1.770811173325629803e-02,1.408272020737805219e-02,1.048386536770647311e-02,4.748820561666743448e-03,1.721849479522957489e-03
4.103501935368881332e-02,4.755229812089788177e-02,5.291533306147448018e-02,5.802538591195473966e-02,6.532593891355330251e-02,6.524924670842395524e-02,6.695264236717003714e-02,6.605989071868534346e-02,6.247657529684864930e-02,4.048302514822124665e-02,2.276803308024940783e-02,2.073232452434342621e-02,1.831885644339172753e-02,1.419292525340903541e-02,1.073101854165782985e-02,4.787286557359159665e-03,1.726491617847184142e-03
5.350349078650016438e-02,5.768642260948658729e-02,6.427368312837117292e-02,7.440434499058806717e-02,8.350690763769931524e-02,8.163589476457702721e-02,8.352776342354463479e-02,8.114647457242464557e-02,7.919289517536766410e-02,5.315492783050996400e-02,2.904876603959290898e-02,2.616508636543441249e-02,2.198726903508128536e-02,1.726873513935043084e-02,1.290284765892324784e-02,5.324476328691820151e-03,1.745828922195952898e-03
4.128520324135580288e-02,4.583203816149252624e-02,4.883341732211231995e-02,5.922291350802003085e-02,6.942146018450175149e-02,6.665565885652438571e-02,7.070197088620283621e-02,6.951233425686142997e-02,6.781781841019880741e-02,4.464875437699816763e-02,2.450344537751581939e-02,2.240458635000061247e-02,1.986975240485979247e-02,1.530275351838691379e-02,1.139267708388053309e-02,4.840276091784231384e-03,1.726059647835609867e-03
3.778571853217243398e-02,4.545060699415796185e-02,5.254312339123925341e-02,6.141329986195096652e-02,6.827263970157795847e-02,6.476539184152137196e-02,6.813464946239514153e-02,6.638122173797242342e-02,6.482342585401867918e-02,3.945094713440126799e-02,2.163155463117379454e-02,1.941912476225627834e-02,1.694307035991263546e-02,1.212408583287202454e-02,9.396655232689066217e-03,4.581608891854103624e-03,1.714819458794061141e-03
4.081473230694159654e-02,4.174823458582108127e-02,4.452205686982242672e-02,5.210579610826032715e-02,5.929981763449695270e-02,5.846007716087300160e-02,6.105765734892568825e-02,5.831256092388366341e-02,6.032230483503331353e-02,4.116738775422793678e-02,2.223876938003474524e-02,2.087126282818722520e-02,1.754438262562597189e-02,1.290972646602113819e-02,9.908200034625020552e-03,4.685819057072190645e-03,1.719522476688667293e-03
3.927615383966859969e-02,4.574991665846212668e-02,4.813745919865404510e-02,5.791285079726217477e-02,6.908838822734551799e-02,7.258815387347807013e-02,7.259168536242062431e-02,7.337714606781321758e-02,6.827705866986051586e-02,4.798789057617584147e-02,2.664831843025717781e-02,2.303965040782881765e-02,1.832689472923829804e-02,1.382818246142412423e-02,1.076302170786184835e-02,4.732882125442459259e-03,1.721131451980670432e-03
3.088458535138691174e-02,3.484521308410266915e-02,3.694164061607378008e-02,4.359515478259798349e-02,4.933906088998269573e-02,5.356495951377610032e-02,5.649631139501719301e-02,5.886243047562556702e-02,5.952388490910859309e-02,3.915678499730113754e-02,2.040508156427163142e-02,1.770278341121801075e-02,1.538500661769678229e-02,1.252463094530747827e-02,9.438550214963030427e-03,4.527579701241316208e-03,1.703368890654739874e-03
3.675604348350814538e-02,4.232415040236886528e-02,4.608272322219335304e-02,5.119462247870875532e-02,5.413891474640462192e-02,5.471833925774785556e-02,5.968965574691748738e-02,5.872020817173722457e-02,5.629813204185962761e-02,3.679604514811951610e-02,2.143749730575214910e-02,2.034218296224999528e-02,1.730895690814879609e-02,1.226507439119786137e-02,9.549223933994696600e-03,4.578119938761650298e-03,1.712372040376606772e-03
4.970668240611563621e-02,5.615362350931933644e-02,6.259593581178700405e-02,7.548498778714168855e-02,8.449878676330369043e-02,8.381118239519566582e-02,8.191446601686455664e-02,8.138455069732049296e-02,7.632365711728812674e-02,5.010617595731498702e-02,2.755138520497737997e-02,2.304695727848550188e-02,1.899326021380293508e-02,1.455712496946608668e-02,1.140212343083936083e-02,5.070414173461030780e-03,1.737663907280063329e-03
4.173631236957261320e-02,4.575147800718463997e-02,5.454667423081213662e-02,6.412766061908720117e-02,7.258203658855161278e-02,6.924673416053230002e-02,7.080676805152363862e-02,7.261741652610087527e-02,6.883764384395145430e-02,4.412550313327635865e-02,2.513584001831468961e-02,2.302343035696740106e-02,1.890972868115263147e-02,1.402147453917867471e-02,1.052306150655555120e-02,4.795150680895389310e-03,1.720323349396420381e-03
4.064117226706371461e-02,4.749210160328532632e-02,5.120799555028512223e-02,5.522338965221029738e-02,6.317383545621903240e-02,6.462475436242576254e-02,6.403054451339627862e-02,6.313438206778929085e-02,6.075831595958806897e-02,4.228326518541368484e-02,2.359613607025892387e-02,2.091456119757076695e-02,1.828425302059999771e-02,1.392899151730591333e-02,1.068297954902687127e-02,4.771840958128228949e-03,1.724182837012415426e-03
4.253875035951704825e-02,4.816839010114634667e-02,5.275546972770607523e-02,5.896656919852285433e-02,6.400694385881970649e-02,6.168958285204800135e-02,6.542012319440546064e-02,6.633112925872966525e-02,6.177271424051747339e-02,3.944321166795699413e-02,2.224379032898084196e-02,1.991212491046692734e-02,1.761205233122705577e-02,1.352628900708291795e-02,1.054121533454163706e-02,4.819786923826200817e-03,1.721990814839991987e-03
3.784752677212724348e-02,4.057120749909397944e-02,4.453065262261572677e-02,5.093038282859595894e-02,6.078708243922299748e-02,6.563457799411451243e-02,6.769867633415768693e-02,6.715932793085974128e-02,6.706807422150432019e-02,4.584045191019205101e-02,2.512566790295428162e-02,2.162597261873771062e-02,1.811161286975625576e-02,1.339121806408843235e-02,1.002646117693765417e-02,4.742397218092730266e-03,1.719300497810648818e-03
3.883668629928355154e-02,4.388940969958174398e-02,5.285462844769839991e-02,6.142300765788102912e-02,6.831666572618944056e-02,7.320553572600752013e-02,7.527866526659060531e-02,7.185091894905956678e-02,6.844370162437642124e-02,4.936054310827174552e-02,2.722326187922428573e-02,2.321754132997843126e-02,1.949592107044793507e-02,1.475089583893853147e-02,1.050734355239821803e-02,4.703221886912346134e-03,1.719207917577559664e-03
4.035626293500658990e-02,4.653223107925490848e-02,5.249572999218876657e-02,6.152624418440635901e-02,6.987694530034040119e-02,7.086073399591422128e-02,7.174384350648671527e-02,7.013928409923668450e-02,6.553019658666046909e-02,4.324587588373235425e-02,2.301644147512920541e-02,2.088528268956927822e-02,1.776057412353160628e-02,1.437782191901401489e-02,1.110694736102353468e-02,4.931449134760103326e-03,1.722870705594723969e-03
5.861107988902709148e-02,6.499353907746660552e-02,6.994156808048378193e-02,7.758747757604739226e-02,8.563154081775781190e-02,8.575151909858859389e-02,8.416536548002331863e-02,8.406690313801779002e-02,8.109973439647949478e-02,5.583836056245031210e-02,3.081387055542277043e-02,2.705331138062257862e-02,2.295754901174570928e-02,1.765944351680352395e-02,1.361127827507434968e-02,5.511909067572805590e-03,1.760078087638102277e-03
3.119819223378239581e-02,3.805635828277378896e-02,4.220932619457028884e-02,4.771187536812239449e-02,5.206534760974778492e-02,5.046933281547527628e-02,5.323407549614229267e-02,5.050248233058507452e-02,5.220878962015967906e-02,3.262927293588766681e-02,1.868776645708588452e-02,1.582655606515588273e-02,1.359149761674064566e-02,1.040687297075414998e-02,8.546577777513646862e-03,4.446139157376786943e-03,1.701593288296770730e-03
5.354697723840262658e-02,6.061102549186252880e-02,6.609345306473393689e-02,7.360255332700654796e-02,8.039861522977899411e-02,8.183906841617201444e-02,8.170048646954071458e-02,8.215820040219046216e-02,7.731705215200290748e-02,5.295115382847594837e-02,2.878864424895168778e-02,2.684089215997421604e-02,2.285780293639616545e-02,1.741369508704347993e-02,1.254013537764738472e-02,5.222582464651889800e-03,1.748463465070205884e-03
3.558628610261500153e-02,3.915934366264896965e-02,4.266086642281704394e-02,5.123130488003044963e-02,5.525825621728701342e-02,5.598471685702992306e-02,5.796729511892416420e-02,6.152315593161190171e-02,6.277931387437671318e-02,4.094133168855821486e-02,2.227969282729325845e-02,1.998122579986570668e-02,1.748505286564629169e-02,1.309350915406549444e-02,1.016351837090244056e-02,4.719165190180275166e-03,1.717789031818579837e-03
4.789326167722214589e-02,5.403401396960945402e-02,6.092913655832569997e-02,7.060937069587266968e-02,7.787059184235962939e-02,8.368206178881611168e-02,8.673637604276779323e-02,8.524381532956978869e-02,8.030995590143304164e-02,5.480466381493404038e-02,2.979309639884044486e-02,2.650003857999940621e-02,2.176851236301467069e-02,1.620779716503975218e-02,1.208422824581235899e-02,5.205621206983224517e-03,1.736201197988486000e-03
4.191625872397643920e-02,4.426342078154249515e-02,4.841491727618464636e-02,5.878671254168588156e-02,6.956487425524590651e-02,7.035060839248423459e-02,7.464711696056354484e-02,6.966500433858405228e-02,7.059463997406303926e-02,4.761106668281302190e-02,2.623693020562802361e-02,2.332657166307027657e-02,1.943067642790075739e-02,1.385084851602847410e-02,1.069409398801614286e-02,4.776971693510207242e-03,1.722068846225214027e-03
4.758918457145864395e-02,4.834646428323458034e-02,5.169558616130685152e-02,5.970270456237653650e-02,6.387645613979141268e-02,6.678707666525715569e-02,6.635070941387763432e-02,6.309593162595472648e-02,6.306912045472257144e-02,4.446139011451288869e-02,2.515203079099818592e-02,2.353903013556957538e-02,1.973925896761522317e-02,1.546983271729702146e-02,1.196862290577221932e-02,5.086844523764948167e-03,1.738630557990650553e-03
4.486467783293335287e-02,4.835429548542612144e-02,5.355393048414785334e-02,6.135460900021400682e-02,7.310488606910534037e-02,7.454672808305007337e-02,7.812618897513756711e-02,7.307120323227775383e-02,6.984762038773371928e-02,4.495650102685719296e-02,2.486725647721756832e-02,2.291640284653164578e-02,1.957049763281577467e-02,1.435172807481232063e-02,1.057539867970683223e-02,4.888104818344942912e-03,1.727205623736015848e-03
5.155736723570668312e-02,5.610617727379117042e-02,6.299222110555258158e-02,7.151481524278656410e-02,7.962138856981094970e-02,7.625959858108120881e-02,7.752149014383019621e-02,7.760585047022107441e-02,7.361403044763609183e-02,4.860168060361090558e-02,2.672547451131503798e-02,2.534514548334178274e-02,2.180840822789073541e-02,1.678191859031909206e-02,1.224048201472236093e-02,5.195617823153683701e-03,1.744539073858250274e-03
3.185458679827633810e-02,3.746883263712649098e-02,4.407069744195410421e-02,5.407176493961784319e-02,5.952031659704692945e-02,5.620556482514392493e-02,5.973298467638397946e-02,5.577943421160428544e-02,5.054546701333287317e-02,3.454274279902530553e-02,1.860589442075347155e-02,1.573003169559116995e-02,1.332458524905795472e-02,1.003653864682971936e-02,8.011175143721720876e-03,4.239104287422164677e-03,1.700173643518553468e-03
4.684744274428647576e-02,5.069281435943642777e-02,5.175649330835301043e-02,5.771325626833140321e-02,6.583477582872251932e-02,6.503767325393659815e-02,6.976488749016301893e-02,6.731878841494444432e-02,6.265810122476318800e-02,4.135186292054037621e-02,2.254167443028352522e-02,2.062239521811144727e-02,1.862276284559076858e-02,1.428852737844548207e-02,1.089619218907245633e-02,4.946867810614040059e-03,1.734027082320323265e-03
4.353038097895038649e-02,4.764359476368565383e-02,5.523323473468901013e-02,6.363419557201555055e-02,6.912994996153191962e-02,7.295368922837802694e-02,7.279449908629248567e-02,7.506974797393338450e-02,7.277034866929762980e-02,5.086385543073507209e-02,2.765065900337149857e-02,2.458273412736916574e-02,2.079234591700208912e-02,1.540797098038659135e-02,1.141704122125560689e-02,4.935123931278540856e-03,1.733203533696384179e-03
3.360270208748331044e-02,3.541178145341022931e-02,3.790336689398078607e-02,4.576645319077245894e-02,5.386124629630319877e-02,5.330287168623201038e-02,5.402101698058611040e-02,4.951668422843441553e-02,4.657737083148674739e-02,3.184290075309941653e-02,1.932198447206128281e-02,1.675303884107251506e-02,1.401579181668426502e-02,1.118228323808669218e-02,8.675709442667638854e-03,4.380786405350513800e-03,1.706117521123708906e-03
4.167254660392855081e-02,4.635826077571813392e-02,4.818865188929238874e-02,5.616603803793729366e-02,6.234689492643216702e-02,6.188990622697718158e-02,6.159918169631409257e-02,6.111418923326571856e-02,6.404622155843782416e-02,4.170937158009973417e-02,2.289375876084480052e-02,2.023062789566207331e-02,1.731621451946473503e-02,1.390949629588850503e-02,1.065399850256717323e-02,4.799172439607203057e-03,1.725481956876252993e-03
4.829612772446352509e-02,5.163734111226104401e-02,5.546187442827467395e-02,6.186387627824296853e-02,7.307619463428259576e-02,7.170665151125310555e-02,7.153593827908710789e-02,6.355897104511701312e-02,6.080395607103501743e-02,4.233306665418494485e-02,2.325186168464041248e-02,2.122502831536965742e-02,1.821440657586335249e-02,1.435784867664032134e-02,1.082732047567720041e-02,4.976459143551735520e-03,1.734488987936266390e-03
3.981507229902003786e-02,4.563322362110528579e-02,4.812192248614047263e-02,5.557160825634325368e-02,5.823044068448120225e-02,6.004854433442505940e-02,6.098874406562537070e-02,5.778784263173777219e-02,5.659907722939154506e-02,3.965353711508712992e-02,2.323242371174863083e-02,2.048182156980630012e-02,1.867704752496709628e-02,1.459575472753246034e-02,1.095786627705743789e-02,4.919073050171873969e-03,1.724040660444509229e-03
3.490573590265075993e-02,3.843811924755195786e-02,4.163622377645529588e-02,4.799738768550206036e-02,5.800482919738066817e-02,6.097471583649520521e-02,6.401864962215401966e-02,5.828264648921632762e-02,5.510499176834215973e-02,3.819928337623096359e-02,2.099148594376124694e-02,1.887751685079077854e-02,1.673624503211415190e-02,1.255592565611685953e-02,9.588300630150099757e-03,4.664572898584356739e-03,1.712654316347249480e-03
3.671172674028746336e-02,3.960076575042650870e-02,4.206984149529773009e-02,4.991916451187302511e-02,5.741663220901511988e-02,5.510297076228355684e-02,5.644039319511214015e-02,5.662180959623399484e-02,5.470304672646476851e-02,3.677142774090948890e-02,2.102366306118457276e-02,1.857749134189673815e-02,1.597184877634561309e-02,1.175048008279578650e-02,9.493108128166748150e-03,4.549681671934772444e-03,1.710097510968812016e-03
4.554985591217518281e-02,4.914158857458617718e-02,5.083529551648188066e-02,5.999885529579682131e-02,6.529440530252733632e-02,6.839755908179111221e-02,7.327533807105861274e-02,6.970340193883325930e-02,6.630565367342812488e-02,4.461865569937845111e-02,2.399174805047987052e-02,2.087924074652596634e-02,1.757323223094063927e-02,1.357603006307147274e-02,1.064366129190483755e-02,4.839066725952109564e-03,1.731951285042731626e-03
3.158281237914688233e-02,3.895686505499652147e-02,4.240199963753318868e-02,5.160459755409285004e-02,5.891968541180726826e-02,5.786947979014114840e-02,6.013438966579421480e-02,5.901807409382511804e-02,5.561791941909176307e-02,3.950137326562750545e-02,2.215695131448861335e-02,1.825741052716666271e-02,1.412314047776112511e-02,1.031126120449370707e-02,8.317842385266907557e-03,4.323820209120281775e-03,1.700617172108510574e-03
3.836118374064716868e-02,4.391361085783987428e-02,4.833141843763021778e-02,5.700158706311933554e-02,6.891448465468459628e-02,7.136659974152897989e-02,7.197878571174774753e-02,7.385061412493602873e-02,7.157759249771146470e-02,4.876057648355338475e-02,2.740588780988404555e-02,2.432693369662898564e-02,1.968567651561024118e-02,1.502267076717382285e-02,1.092618779593406038e-02,4.871107590810327265e-03,1.718777779372614297e-03
3.833346621789789077e-02,4.369824010983365536e-02,4.751126177548620211e-02,5.637403488469674984e-02,6.153580168854599214e-02,6.027193991768227399e-02,6.504343804548939900e-02,6.674897361347123526e-02,6.659371710859135485e-02,4.742855293776629400e-02,2.595090272319914432e-02,2.380168174102844161e-02,1.963429346351500127e-02,1.444535729517612381e-02,1.078445469776561673e-02,4.775096146086512186e-03,1.717012163904080811e-03
4.144944550480600398e-02,4.577548055101519908e-02,5.222130956388920664e-02,5.827455358676198599e-02,6.737820453553537703e-02,6.989540462567186974e-02,7.138211311288891747e-02,6.530892627477752344e-02,6.349309719743993774e-02,3.940311882698997042e-02,2.188955996521274594e-02,1.890719665922451637e-02,1.619908924677648451e-02,1.287040426870804041e-02,1.043162267325366266e-02,4.815769240780932645e-03,1.723805565103594473e-03
3.290152480182909761e-02,3.410044004047213528e-02,3.705209449678770889e-02,4.375299781529812249e-02,5.378091077836159167e-02,5.650656350693096519e-02,5.567195843763720481e-02,5.664963650751601854e-02,5.492013687695393442e-02,3.811180584212525702e-02,1.981536507157730803e-02,1.764206652357593053e-02,1.499040839400865924e-02,1.118851060922068825e-02,8.669467138446355220e-03,4.467524675719858167e-03,1.704526581181219514e-03
4.799683484312743803e-02,5.583045205559904189e-02,6.203771720936119421e-02,7.006157564264524351e-02,7.518749844912582525e-02,7.830145970607710337e-02,8.318155956780946825e-02,8.220235892280070011e-02,7.925661638761979932e-02,5.044853936242533338e-02,2.584027778625088562e-02,2.198624786426538538e-02,1.875552798300262475e-02,1.471059527443838860e-02,1.136652813570848686e-02,4.987492083649099420e-03,1.738268472728375603e-03
3.338749070153215065e-02,3.763275560204086545e-02,3.975473429335675546e-02,4.642759143026286422e-02,5.451886372795502339e-02,5.505486773070776552e-02,6.174168242362885334e-02,6.038297205122142991e-02,6.140544274775432132e-02,4.267573952021776196e-02,2.281647245463916743e-02,2.008301071015114805e-02,1.742054583316565361e-02,1.291311607149990201e-02,9.634976127737289453e-03,4.561700877963604725e-03,1.706983382587520933e-03
4.308151565250171317e-02,5.006076210322716463e-02,5.527555237177219499e-02,6.595143527585146936e-02,7.356274874391802165e-02,7.212493463183067277e-02,7.258937160243127129e-02,7.269735522388785787e-02,7.260689171537876296e-02,4.889856709174313781e-02,2.579557735117172373e-02,2.165647909878634300e-02,1.727603447422352764e-02,1.335001290647619930e-02,1.037754713517711862e-02,4.841883952739351772e-03,1.725556881646800106e-03
4.058484373131971551e-02,4.466998893983043645e-02,4.957881244543962257e-02,5.972875119651187975e-02,6.641142025297099016e-02,6.425210197942955725e-02,6.664903657268400616e-02,6.498956384488092930e-02,6.371173951583540551e-02,4.514587739417594975e-02,2.451349064204589451e-02,2.263026008401732014e-02,1.903722968019383455e-02,1.422436517012791619e-02,1.102545634212359800e-02,4.875404583536678896e-03,1.721597115967873383e-03
3.257049084544835771e-02,4.008208192939004960e-02,4.640745200510608404e-02,5.467244390823644551e-02,6.159474023962665384e-02,5.932527910005119115e-02,5.848188614579672567e-02,5.602395440089776718e-02,5.428292897495612390e-02,3.734374439791229155e-02,1.970647040811575323e-02,1.722645722612406796e-02,1.467781481330830348e-02,1.162077707354809697e-02,9.135042931902211116e-03,4.372807065921441305e-03,1.702279877532332942e-03
4.038480539544356956e-02,4.167583871257810046e-02,4.439326532428258809e-02,5.437692720690696924e-02,5.960555728138620946e-02,5.656677001984831282e-02,5.762632223848151991e-02,5.715136797123947926e-02,5.501745816563259617e-02,3.754861482272033035e-02,2.003023405881976943e-02,1.784266564158713125e-02,1.540246600430767929e-02,1.258559095640361669e-02,1.005625209301121148e-02,4.825756254458253569e-03,1.725018204282447115e-03
5.035709487097411036e-02,5.290914029210213448e-02,6.057770199780276171e-02,7.211567602841101321e-02,7.801606941623312474e-02,7.566541497760510826e-02,7.863216994511273983e-02,8.193009046822356811e-02,7.958509819804297780e-02,5.312489327558158475e-02,2.959742090166495726e-02,2.622775246416822123e-02,2.089223622529114491e-02,1.636271583582018727e-02,1.228167707469930529e-02,5.176452650988485997e-03,1.745119237830418174e-03
4.452609491098443589e-02,5.133358293895971119e-02,5.717200660622436675e-02,7.028213723876995667e-02,7.952406079773015335e-02,7.656107608047821311e-02,8.318094807534091861e-02,8.221885893812511115e-02,7.816353469382306129e-02,5.414872911852925547e-02,2.935644549805992154e-02,2.618568156145735515e-02,2.236750409116165794e-02,1.698397682905749759e-02,1.243273796972930133e-02,5.164476286746757724e-03,1.732170764169313005e-03
4.380147064277768731e-02,4.903146977943937529e-02,5.599015147043941154e-02,6.676940489149017777e-02,7.454507155773043570e-02,7.163460956292874715e-02,7.676938576162396777e-02,7.367828274504620301e-02,7.143789736316247252e-02,4.703758951059648641e-02,2.547115594793258192e-02,2.275585708900682014e-02,1.792137387859442724e-02,1.394010678853624917e-02,1.042014038443558541e-02,4.787798314886420985e-03,1.727375903199763639e-03
4.318659463925855063e-02,4.940006463678967702e-02,5.342114696650206163e-02,6.011493719663850432e-02,6.689789715283168958e-02,6.584966210665878228e-02,6.430621298526936758e-02,6.159208921570485246e-02,6.183432079501861856e-02,3.990883381962571919e-02,2.172558766545630571e-02,1.956485150239530707e-02,1.614136089311670949e-02,1.268166852898189485e-02,1.024627282006961883e-02,4.784040745814054432e-03,1.727055429653012297e-03
4.043387458357197012e-02,4.494443294500902186e-02,5.377999388230363109e-02,6.509126278440878488e-02,7.619700627735655207e-02,7.776052686643293577e-02,8.181626189217662548e-02,7.913269954184333488e-02,7.302554512340012072e-02,4.641609621572444916e-02,2.525767219726570215e-02,2.145559882007081962e-02,1.731186289132694359e-02,1.259294559164414115e-02,9.778893996205946168e-03,4.710110735787380667e-03,1.716783053251419271e-03
4.057330916839244073e-02,4.478800210376048668e-02,4.776649055575994673e-02,5.823432339080084064e-02,6.711007529444507069e-02,6.801980181691165417e-02,6.539611400372255523e-02,6.565209367369513604e-02,6.053034356058488441e-02,3.924184189858006405e-02,2.171069262521131346e-02,1.995640072462034550e-02,1.703497270948915385e-02,1.276812327576514264e-02,9.864112974722810678e-03,4.627235728635735457e-03,1.716207111133520114e-03
4.567276597829482421e-02,5.019224751050970629e-02,5.338828118415573504e-02,6.429955082775866415e-02,7.352476192659018750e-02,7.273097004631444429e-02,7.390961506737747655e-02,6.907517353082076594e-02,6.529779697510448844e-02,4.437046775548787736e-02,2.440142392390177647e-02,2.223316126565708442e-02,1.884539303607077679e-02,1.374150945129602210e-02,1.076658005610643849e-02,4.877770046746524209e-03,1.725392505330026593e-03
3.654127067447907745e-02,4.124685279544661187e-02,4.508570988127592882e-02,5.223696299401446586e-02,6.339332445042521191e-02,6.524370012068675395e-02,6.392749284034544843e-02,6.535891276940675176e-02,6.156394643820489732e-02,3.792283180919926028e-02,2.090215253325302530e-02,1.850221077260582117e-02,1.609835580357821955e-02,1.268080632990758842e-02,1.014060508253845916e-02,4.716778430960262732e-03,1.717402714136429063e-03
2.996832580326525344e-02,3.289427733382058183e-02,3.875473217752818667e-02,4.538814814653656382e-02,4.859034180338665104e-02,4.775829606191132892e-02,5.077657954672609025e-02,5.582881716139353329e-02,5.539758234909475387e-02,3.626833195044552871e-02,2.094446554750808986e-02,1.743587796491575734e-02,1.477666498778932788e-02,1.155144320421081124e-02,8.688754856607866159e-03,4.380950635003554722e-03,1.704433981188203159e-03
5.004920195787897902e-02,5.516055667664578749e-02,5.843579680554605166e-02,6.872521144992689568e-02,7.934610746050151098e-02,7.785750762518439672e-02,8.345924329051866708e-02,8.140268636888609022e-02,8.104680690889770611e-02,5.410076140770252867e-02,2.807867050378560006e-02,2.533021958857837111e-02,2.187166291024456033e-02,1.724270252858004990e-02,1.326456234190198299e-02,5.427191040402418870e-03,1.749868590205637744e-03
4.278453481338947290e-02,4.385067829571687864e-02,4.609515755274237736e-02,5.002308963115448259e-02,5.342251007161227805e-02,5.430990129127607341e-02,5.749214034991412259e-02,5.882772432502914040e-02,5.908822477132463780e-02,3.883983898758101849e-02,2.138087916422555176e-02,1.899229924740309522e-02,1.630984960011529206e-02,1.367353237400692999e-02,1.042512363940830203e-02,4.862479860238547343e-03,1.727368577440134730e-03
4.917413319768248331e-02,5.314205031148078878e-02,5.827902609927512745e-02,6.460593507702448723e-02,6.620028911249448145e-02,6.423786481741840249e-02,6.675784766363182521e-02,6.789464663699065761e-02,6.431399378647222054e-02,4.295580243787484875e-02,2.487514532219196883e-02,2.359496473259623667e-02,2.015895709483291748e-02,1.505870305883605029e-02,1.193701419165396453e-02,5.214044603603609079e-03,1.740998454836644588e-03
4.592545121370392169e-02,5.261409908495943283e-02,5.628457146112536558e-02,6.614553524192424983e-02,7.236697303777536727e-02,7.130451902052246937e-02,7.691142115936464019e-02,7.552091099486706038e-02,7.506198830400277744e-02,4.944912657230832870e-02,2.614346194434689907e-02,2.338476539620832836e-02,2.035735253374841916e-02,1.554091025300382602e-02,1.159842509197333074e-02,5.092441101720897832e-03,1.737871352692812879e-03
